{"camera_matrix": [[652.181607347315, 0.0, 318.0177001338235], [0.0, 652.0984493213134, 242.28868002704795], [0.0, 0.0, 1.0]], "dist_coeffs": [[0.07465954760852409, 0.19732056393661007, 0.010415926095202482, -0.001256295499515264, -1.708270512967651]]}